Supermercado;Producto;NombreNormalizado;Precio;URL de la imagen
Carrefour;Papa x kg.;Papa;549.0;https://carrefourar.vtexassets.com/arquivos/ids/184405-170-170?v=637468592488970000&width=170&height=170&aspect=true
Carrefour;Zapallo anco x kg.;Zapallo;799.0;https://carrefourar.vtexassets.com/arquivos/ids/196194-170-170?v=637522913582200000&width=170&height=170&aspect=true
Carrefour;Banana seleccion x kg.;Banana;329.0;https://carrefourar.vtexassets.com/arquivos/ids/490488-170-170?v=638453427125500000&width=170&height=170&aspect=true
Carrefour;Cebolla x kg.;Cebolla;499.0;https://carrefourar.vtexassets.com/arquivos/ids/196196-170-170?v=637522913600430000&width=170&height=170&aspect=true
Carrefour;Zanahoria precios cuidados x kg.;Zanahoria;879.0;https://carrefourar.vtexassets.com/arquivos/ids/204815-170-170?v=637601374832230000&width=170&height=170&aspect=true
Carrefour;Mandarina x kg.;Mandarina;1999.0;https://carrefourar.vtexassets.com/arquivos/ids/176863-170-170?v=637468574560630000&width=170&height=170&aspect=true
Carrefour;Batata x kg.;Batata;1390.0;https://carrefourar.vtexassets.com/arquivos/ids/184392-170-170?v=637468592466100000&width=170&height=170&aspect=true
Carrefour;Banana Nacional x kg.;Banana;899.0;https://carrefourar.vtexassets.com/arquivos/ids/266161-170-170?v=638052387755200000&width=170&height=170&aspect=true
Carrefour;Cebolla x kg;Cebolla;799.0;https://carrefourar.vtexassets.com/arquivos/ids/366422-170-170?v=638273745190400000&width=170&height=170&aspect=true
Carrefour;Manzana roja x kg.;Manzana;1249.0;https://carrefourar.vtexassets.com/arquivos/ids/176841-170-170?v=637468574501200000&width=170&height=170&aspect=true
Carrefour;Uva rosada x kg.;Uva;2999.0;https://carrefourar.vtexassets.com/arquivos/ids/176878-170-170?v=637468574621200000&width=170&height=170&aspect=true
Carrefour;Naranja de jugo x kg.;Naranja;999.0;https://carrefourar.vtexassets.com/arquivos/ids/176842-170-170?v=637468574507300000&width=170&height=170&aspect=true
Carrefour;Acelga x paquete;Acelga;1890.0;https://carrefourar.vtexassets.com/arquivos/ids/196198-170-170?v=637522913612970000&width=170&height=170&aspect=true
Carrefour;Cebolla morada x kg.;Cebolla;949.0;https://carrefourar.vtexassets.com/arquivos/ids/201747-170-170?v=637558429772100000&width=170&height=170&aspect=true
Carrefour;Lechuga Capuchina x kg.;Lechuga;1799.0;https://carrefourar.vtexassets.com/arquivos/ids/184472-170-170?v=637468592611200000&width=170&height=170&aspect=true
Carrefour;Sandía x kg.;Sandía;1449.0;https://carrefourar.vtexassets.com/arquivos/ids/176877-170-170?v=637468574615900000&width=170&height=170&aspect=true
Carrefour;Limón Huella Natural x kg.;Limón;1799.0;https://carrefourar.vtexassets.com/arquivos/ids/184369-170-170?v=637468592427700000&width=170&height=170&aspect=true
Carrefour;Espinaca Lucchetti en bolsa 400 g.;Espinaca;1275.0;https://carrefourar.vtexassets.com/arquivos/ids/333974-170-170?v=638216731048430000&width=170&height=170&aspect=true
Carrefour;Brócoli congelado Granja del sol 400 g.;Brócoli;1700.0;https://carrefourar.vtexassets.com/arquivos/ids/477010-170-170?v=638440341971330000&width=170&height=170&aspect=true
Carrefour;acelga Lucchetti en bolsa 450 g.;acelga;2405.0;https://carrefourar.vtexassets.com/arquivos/ids/345666-170-170?v=638229523086270000&width=170&height=170&aspect=true
Carrefour;Choclo amarillo Green life 350 g.;Choclo;1286.25;https://carrefourar.vtexassets.com/arquivos/ids/445306-170-170?v=638403368236800000&width=170&height=170&aspect=true
Carrefour;Espinaca congelada Granja del sol 500 g.;Espinaca;1715.0;https://carrefourar.vtexassets.com/arquivos/ids/328151-170-170?v=638204601147200000&width=170&height=170&aspect=true
Carrefour;Choclo congelado Granja Del Sol 300 g.;Choclo;1819.0;https://carrefourar.vtexassets.com/arquivos/ids/196175-170-170?v=637522913438500000&width=170&height=170&aspect=true
Carrefour;Espinaca congelada Granja del sol en bolsa 1 kg.;Espinaca;2450.0;https://carrefourar.vtexassets.com/arquivos/ids/328152-170-170?v=638204601155930000&width=170&height=170&aspect=true
Carrefour;Acelga congelada Granja de sol en bolsa 500 g.;Acelga;1815.0;https://carrefourar.vtexassets.com/arquivos/ids/328153-170-170?v=638204601164400000&width=170&height=170&aspect=true
Carrefour;Pomelo rojo premium x kg.;Pomelo;1349.0;https://carrefourar.vtexassets.com/arquivos/ids/205551-170-170?v=637606591779900000&width=170&height=170&aspect=true
Carrefour;Berenjena negra x kg.;Berenjena;3999.0;https://carrefourar.vtexassets.com/arquivos/ids/184455-170-170?v=637468592576600000&width=170&height=170&aspect=true
Carrefour;Papa cepillada x kg.;Papa;1599.0;https://carrefourar.vtexassets.com/arquivos/ids/184447-170-170?v=637468592562400000&width=170&height=170&aspect=true
Carrefour;Papa Huella Natural x kg.;Papa;1290.0;https://carrefourar.vtexassets.com/arquivos/ids/492786-170-170?v=638464768160000000&width=170&height=170&aspect=true
Carrefour;Maní pelado tostado y salado El mercado 500 g.;Maní;3390.0;https://carrefourar.vtexassets.com/arquivos/ids/426559-170-170?v=638386040903770000&width=170&height=170&aspect=true
Carrefour;Mango x uni;Mango;1799.0;https://carrefourar.vtexassets.com/arquivos/ids/248356-170-170?v=637915978879430000&width=170&height=170&aspect=true
Carrefour;Akusay x kg.;Akusay;3499.0;https://carrefourar.vtexassets.com/arquivos/ids/184720-170-170?v=637468593142270000&width=170&height=170&aspect=true
Carrefour;Ciruelas desecadas sin cáscara Presidente x 200 g.;Ciruelas;2599.0;https://carrefourar.vtexassets.com/arquivos/ids/255938-170-170?v=637986089320200000&width=170&height=170&aspect=true
Carrefour;Pera roja x kg.;Pera;1290.0;https://carrefourar.vtexassets.com/arquivos/ids/251634-170-170?v=637944446564730000&width=170&height=170&aspect=true
Carrefour;Champignones y portobellos mix Porto 180 g.;Champignones;2290.0;https://carrefourar.vtexassets.com/arquivos/ids/184292-170-170?v=637468592281670000&width=170&height=170&aspect=true
Carrefour;Ciruelas desecadas sin carozos 200 g.;Ciruelas;2699.0;https://carrefourar.vtexassets.com/arquivos/ids/177059-170-170?v=637468575326600000&width=170&height=170&aspect=true
Carrefour;Maní tostado pelado sin sal x kg.;Maní;5290.0;https://carrefourar.vtexassets.com/arquivos/ids/177043-170-170?v=637468575268970000&width=170&height=170&aspect=true
Carrefour;Zapallo coquena Huella Natural x kg.;Zapallo;790.0;https://carrefourar.vtexassets.com/arquivos/ids/214566-170-170?v=637679144958600000&width=170&height=170&aspect=true
Carrefour;Almendras 135 g.;Almendras;4990.0;https://carrefourar.vtexassets.com/arquivos/ids/524292-170-170?v=638518057622800000&width=170&height=170&aspect=true
Carrefour;Snack manzana roja deshidratada Frutty 18 g.;Snack;312.0;https://carrefourar.vtexassets.com/arquivos/ids/416911-170-170?v=638355809505000000&width=170&height=170&aspect=true
Carrefour;Chaucha ballina x kg.;Chaucha;520.0;https://carrefourar.vtexassets.com/arquivos/ids/201745-170-170?v=637558429741730000&width=170&height=170&aspect=true
Carrefour;Mandioca x kg;Mandioca;4999.0;https://carrefourar.vtexassets.com/arquivos/ids/184499-170-170?v=637468592663430000&width=170&height=170&aspect=true
Carrefour;Pasas de uva 170 g.;Pasas;1400.0;https://carrefourar.vtexassets.com/arquivos/ids/524293-170-170?v=638518058132570000&width=170&height=170&aspect=true
Carrefour;Chaucha rolliza x kg.;Chaucha;1890.0;https://carrefourar.vtexassets.com/arquivos/ids/184495-170-170?v=637468592657130000&width=170&height=170&aspect=true
Carrefour;Brote de soja Song 500 g.;Brote;4999.0;https://carrefourar.vtexassets.com/arquivos/ids/184534-170-170?v=637468592735330000&width=170&height=170&aspect=true
Carrefour;Maní con cascara x kg.;Maní;1399.0;https://carrefourar.vtexassets.com/arquivos/ids/177044-170-170?v=637468575274370000&width=170&height=170&aspect=true
Carrefour;Nueces peladas El mercado 300 g.;Nueces;8990.0;https://carrefourar.vtexassets.com/arquivos/ids/426562-170-170?v=638386048711330000&width=170&height=170&aspect=true
Carrefour;Castañas de cajú tostada y salada 50 g.;Castañas;1590.0;https://carrefourar.vtexassets.com/arquivos/ids/256218-170-170?v=637986100724470000&width=170&height=170&aspect=true
Carrefour;Banana chips en rodajas 75 g.;Banana;990.0;https://carrefourar.vtexassets.com/arquivos/ids/192989-170-170?v=637515950530270000&width=170&height=170&aspect=true
Carrefour;Mix de frutas secas Fincablanca 100 g.;Mix;1290.0;https://carrefourar.vtexassets.com/arquivos/ids/176913-170-170?v=637468574767070000&width=170&height=170&aspect=true
Carrefour;Lechuga mantecosa hidropónica 220 g.;Lechuga;1899.0;https://carrefourar.vtexassets.com/arquivos/ids/195467-170-170?v=637516045826630000&width=170&height=170&aspect=true
Carrefour;Castañas x kg.;Castañas;26990.0;https://carrefourar.vtexassets.com/arquivos/ids/255807-170-170?v=637983524461770000&width=170&height=170&aspect=true
Carrefour;Tomates secos 70 g.;Tomates;2229.0;https://carrefourar.vtexassets.com/arquivos/ids/194214-170-170?v=637516040982000000&width=170&height=170&aspect=true
Carrefour;Lechuga bicolor hidropónica en cono;Lechuga;2399.0;https://carrefourar.vtexassets.com/arquivos/ids/256054-170-170?v=637986090695370000&width=170&height=170&aspect=true
Carrefour;Mix de frutas secas con nuez 100 g.;Mix;1690.0;https://carrefourar.vtexassets.com/arquivos/ids/176915-170-170?v=637468574772230000&width=170&height=170&aspect=true
Carrefour;Zanahoria Rocky bolsa 200 g.;Zanahoria;1569.0;https://carrefourar.vtexassets.com/arquivos/ids/241462-170-170?v=637859923251030000&width=170&height=170&aspect=true
Carrefour;Mix saladito 300 g.;Mix;2300.0;https://carrefourar.vtexassets.com/arquivos/ids/372630-170-170?v=638303797685370000&width=170&height=170&aspect=true
Carrefour;Maní japonés x kg.;Maní;5190.0;https://carrefourar.vtexassets.com/arquivos/ids/177041-170-170?v=637468575263800000&width=170&height=170&aspect=true
Carrefour;Tomate seco 100 g.;Tomate;2500.0;https://carrefourar.vtexassets.com/arquivos/ids/177051-170-170?v=637468575298130000&width=170&height=170&aspect=true
Carrefour;Plátano x kg.;Plátano;2890.0;https://carrefourar.vtexassets.com/arquivos/ids/201749-170-170?v=637558429797130000&width=170&height=170&aspect=true
Carrefour;Zanahoria rallada Huella Natural 200 g.;Zanahoria;1699.0;https://carrefourar.vtexassets.com/arquivos/ids/266920-170-170?v=638059542383370000&width=170&height=170&aspect=true
Carrefour;Papa roja x kg.;Papa;1949.0;https://carrefourar.vtexassets.com/arquivos/ids/255844-170-170?v=637983524649270000&width=170&height=170&aspect=true
Carrefour;Ensalada soja zanahoria repollo y radicheta 250 g..;Ensalada;869.0;https://carrefourar.vtexassets.com/arquivos/ids/184537-170-170?v=637468592741300000&width=170&height=170&aspect=true
Carrefour;Ajíes en vinagre x kg.;Ajíes;3999.0;https://carrefourar.vtexassets.com/arquivos/ids/201751-170-170?v=637558429822970000&width=170&height=170&aspect=true
LaAnonima;Zapallo Anco (Kg);Zapallo;800.0;https://d1on8qs0xdu5jz.cloudfront.net/web/images/productos/c/0000000060/60.jpg
LaAnonima;Limón (Kg);Limón;1100.0;https://d1on8qs0xdu5jz.cloudfront.net/web/images/productos/c/0000002000/2395.jpg
LaAnonima;Zapallo Ingles (Kg);Zapallo;890.0;https://d1on8qs0xdu5jz.cloudfront.net/web/images/productos/c/0000000070/70.jpg
LaAnonima;Papa Bolsita Elegida (Kg);Papa;1600.0;https://d1on8qs0xdu5jz.cloudfront.net/web/images/productos/c/0000003000/3306.jpg
LaAnonima;Zapallo Criollo (Kg);Zapallo;890.0;https://d1on8qs0xdu5jz.cloudfront.net/web/images/productos/c/0000003000/3310.jpg
LaAnonima;Repollo Blanco (Kg);Repollo;1850.0;https://d1on8qs0xdu5jz.cloudfront.net/web/images/productos/c/0000002000/2387.jpg
LaAnonima;Remolacha S/Hoja (Kg);Remolacha;3400.0;https://d1on8qs0xdu5jz.cloudfront.net/web/images/productos/c/0000002000/2386.jpg
LaAnonima;Sandía (Kg);Sandía;3350.0;https://d1on8qs0xdu5jz.cloudfront.net/web/images/productos/c/0000000060/67.jpg
LaAnonima;Repollo Colorado (Kg);Repollo;2200.0;https://d1on8qs0xdu5jz.cloudfront.net/web/images/productos/c/0000002000/2389.jpg
LaAnonima;Albahaca x unidad;Albahaca;1900.0;https://d1on8qs0xdu5jz.cloudfront.net/web/images/productos/c/0000003000/3315.jpg
LaAnonima;Ajo Granel (Kg);Ajo;10300.0;https://d1on8qs0xdu5jz.cloudfront.net/web/images/productos/c/0000003000/3300.jpg
LaAnonima;Ajo En Bolsita (Kg);Ajo;10950.0;https://d1on8qs0xdu5jz.cloudfront.net/web/images/productos/c/0000000050/55.jpg
LaAnonima;Soja (Kg);Soja;4700.0;https://d1on8qs0xdu5jz.cloudfront.net/web/images/productos/c/0000007000/7133.jpg
LaAnonima;Damascos Desecados Conosur x 200 g.;Damascos;10600.0;https://d1on8qs0xdu5jz.cloudfront.net/web/images/productos/c/0000026000/26866.jpg
LaAnonima;Higos Desecados Conosur x 200 g.;Higos;7850.0;https://d1on8qs0xdu5jz.cloudfront.net/web/images/productos/c/0000026000/26867.jpg
LaAnonima;Banana Ecuador (Kg);Banana;1990.0;https://d1on8qs0xdu5jz.cloudfront.net/web/images/productos/c/0000002000/2393.jpg
LaAnonima;Cebolla (Kg);Cebolla;1624.0;https://d1on8qs0xdu5jz.cloudfront.net/web/images/productos/c/0000000050/56.jpg
LaAnonima;Mandarina (Kg);Mandarina;1890.0;https://d1on8qs0xdu5jz.cloudfront.net/web/images/productos/c/0000002000/2396.jpg
LaAnonima;Zanahoria (Kg);Zanahoria;1290.0;https://d1on8qs0xdu5jz.cloudfront.net/web/images/productos/c/0000002000/2391.jpg
LaAnonima;Manzana Red Bolsita (Kg);Manzana;1590.0;https://d1on8qs0xdu5jz.cloudfront.net/web/images/productos/c/0000003000/3111.jpg
LaAnonima;Pera (Kg);Pera;1699.0;https://d1on8qs0xdu5jz.cloudfront.net/web/images/productos/c/0000002000/2404.jpg
LaAnonima;Naranja (Kg);Naranja;269000.0;https://d1on8qs0xdu5jz.cloudfront.net/web/images/productos/c/0000002000/2401.jpg
LaAnonima;Tomate Redondo (Kg);Tomate;5690.0;https://d1on8qs0xdu5jz.cloudfront.net/web/images/productos/c/0000002000/2390.jpg
LaAnonima;Palta (Kg);Palta;999000.0;https://d1on8qs0xdu5jz.cloudfront.net/web/images/productos/c/0000002000/2403.jpg
LaAnonima;Zapallito Redondo (Kg);Zapallito;3690.0;https://d1on8qs0xdu5jz.cloudfront.net/web/images/productos/c/0000002000/2392.jpg
LaAnonima;Papa Comercial Bolsita (Kg);Papa;1099.0;https://d1on8qs0xdu5jz.cloudfront.net/web/images/productos/c/0000000050/59.jpg
LaAnonima;Batata (Kg);Batata;1290.0;https://d1on8qs0xdu5jz.cloudfront.net/web/images/productos/c/0000002000/2375.jpg
LaAnonima;Manzana Red Elegida (Kg);Manzana;2990.0;https://d1on8qs0xdu5jz.cloudfront.net/web/images/productos/c/0000002000/2399.jpg
LaAnonima;Rúcula Envasada x 70 gr;Rúcula;1590.0;https://d1on8qs0xdu5jz.cloudfront.net/web/images/productos/c/0000000000/138.jpg
LaAnonima;Zanahoria Comercial Bolsita (Kg);Zanahoria;999.0;https://d1on8qs0xdu5jz.cloudfront.net/web/images/productos/c/0000003000/3114.jpg
LaAnonima;Batata Boniato (Kg);Batata;1590.0;https://d1on8qs0xdu5jz.cloudfront.net/web/images/productos/c/0000003000/3303.jpg
LaAnonima;Berenjena (Kg);Berenjena;1690.0;https://d1on8qs0xdu5jz.cloudfront.net/web/images/productos/c/0000002000/2376.jpg
LaAnonima;Acelga Envasada x 500 gr;Acelga;274900.0;https://d1on8qs0xdu5jz.cloudfront.net/web/images/productos/c/0000001000/1561.jpg
LaAnonima;Espinaca Envasada X Unidad x 400 gr;Espinaca;2890.0;https://d1on8qs0xdu5jz.cloudfront.net/web/images/productos/c/0000001000/1564.jpg
LaAnonima;Zapallo Anco Comercial Bolsita (Kg);Zapallo;569.0;https://d1on8qs0xdu5jz.cloudfront.net/web/images/productos/c/0000000000/149.jpg
LaAnonima;Choclo sin chala Envasado x 530 gr;Choclo;4390.0;https://d1on8qs0xdu5jz.cloudfront.net/web/images/productos/c/0000001000/1458.jpg
LaAnonima;Girasol Tostado Salado x 200 gr;Girasol;899.0;https://d1on8qs0xdu5jz.cloudfront.net/web/images/productos/c/0000003000/3037.jpg
LaAnonima;Lechuga Hidropónica x unidad;Lechuga;1790.0;https://d1on8qs0xdu5jz.cloudfront.net/web/images/productos/c/0000000000/536.jpg
LaAnonima;Pomelo (Kg);Pomelo;2290.0;https://d1on8qs0xdu5jz.cloudfront.net/web/images/productos/c/0000002000/2405.jpg
LaAnonima;Morrón Colorado (Kg);Morrón;6990.0;https://d1on8qs0xdu5jz.cloudfront.net/web/images/productos/c/0000002000/2372.jpg
LaAnonima;Morrón Verde (Kg);Morrón;4990.0;https://d1on8qs0xdu5jz.cloudfront.net/web/images/productos/c/0000002000/2373.jpg
LaAnonima;Kiwi (Kg);Kiwi;799900.0;https://d1on8qs0xdu5jz.cloudfront.net/web/images/productos/c/0000002000/2407.jpg
LaAnonima;Zapallito Largo (Kg);Zapallito;3690.0;https://d1on8qs0xdu5jz.cloudfront.net/web/images/productos/c/0000003000/3309.jpg
LaAnonima;Manzana Grany Elegida (Kg);Manzana;2990.0;https://d1on8qs0xdu5jz.cloudfront.net/web/images/productos/c/0000002000/2398.jpg
LaAnonima;Uvas (Kg);Uvas;3990.0;https://d1on8qs0xdu5jz.cloudfront.net/web/images/productos/c/0000002000/2406.jpg
LaAnonima;Pepino (Kg);Pepino;2990.0;https://d1on8qs0xdu5jz.cloudfront.net/web/images/productos/c/0000002000/2384.jpg
LaAnonima;Lechuga Capuchina Envasada x 350 gr;Lechuga;2990.0;https://d1on8qs0xdu5jz.cloudfront.net/web/images/productos/c/0000001000/1562.jpg
LaAnonima;Champignon Portobello Bandeja x 200 gr;Champignon;2590.0;https://d1on8qs0xdu5jz.cloudfront.net/web/images/productos/c/0000003000/3322.jpg
LaAnonima;Manzana Grany Comercial Bolsita (Kg);Manzana;1990.0;https://d1on8qs0xdu5jz.cloudfront.net/web/images/productos/c/0000026000/26827.jpg
LaAnonima;Cebolla Roja (Kg);Cebolla;2290.0;https://d1on8qs0xdu5jz.cloudfront.net/web/images/productos/c/0000003000/3302.jpg
LaAnonima;Champignon Bandeja x 200 gr;Champignon;2590.0;https://d1on8qs0xdu5jz.cloudfront.net/web/images/productos/c/0000003000/3321.jpg
LaAnonima;Melón (Kg);Melón;1990.0;https://d1on8qs0xdu5jz.cloudfront.net/web/images/productos/c/0000002000/2400.jpg
LaAnonima;Perejil Envasado x 100 gr;Perejil;1490.0;https://d1on8qs0xdu5jz.cloudfront.net/web/images/productos/c/0000000000/139.jpg
LaAnonima;Lechuga Francesa Envasada x 250 gr;Lechuga;3990.0;https://d1on8qs0xdu5jz.cloudfront.net/web/images/productos/c/0000003000/3331.jpg
LaAnonima;Rabanito Envasado x 200 gr;Rabanito;1490.0;https://d1on8qs0xdu5jz.cloudfront.net/web/images/productos/c/0000003000/3319.jpg
LaAnonima;Lechuga Mantecosa Envasada x 200 gr;Lechuga;3990.0;https://d1on8qs0xdu5jz.cloudfront.net/web/images/productos/c/0000003000/3332.jpg
LaAnonima;Maní Tostado Con Cascara (Kg);Maní;4990.0;https://d1on8qs0xdu5jz.cloudfront.net/web/images/productos/c/0000000070/73.jpg
LaAnonima;Coliflor (Kg);Coliflor;3990.0;https://d1on8qs0xdu5jz.cloudfront.net/web/images/productos/c/0000002000/2381.jpg
LaAnonima;Piña (Kg);Piña;249000.0;https://d1on8qs0xdu5jz.cloudfront.net/web/images/productos/c/0000002000/2599.jpg
LaAnonima;Espinaca Baby Hojas Verdes y Rojas Rie La Huerta x 150 g.;Espinaca;3290.0;https://d1on8qs0xdu5jz.cloudfront.net/web/images/productos/c/0000026000/26893.jpg
LaAnonima;Perejil X Atado x 1 Un.;Perejil;1490.0;https://d1on8qs0xdu5jz.cloudfront.net/web/images/productos/c/0000026000/26855.jpg
LaAnonima;Brócoli (Kg);Brócoli;4690.0;https://d1on8qs0xdu5jz.cloudfront.net/web/images/productos/c/0000002000/2377.jpg
LaAnonima;Ensalada Lechugas y Cherry Rie Rie La Huerta x 200 g.;Ensalada;3290.0;https://d1on8qs0xdu5jz.cloudfront.net/web/images/productos/c/0000026000/26871.jpg
LaAnonima;Cilantro Envasado x 70 gr;Cilantro;1690.0;https://d1on8qs0xdu5jz.cloudfront.net/web/images/productos/c/0000003000/3317.jpg
LaAnonima;Zanahoria Baby envasada x 250 gr;Zanahoria;2490.0;https://d1on8qs0xdu5jz.cloudfront.net/web/images/productos/c/0000003000/3320.jpg
LaAnonima;Quinoa El Peoncito x 175 g.;Quinoa;3050.0;https://d1on8qs0xdu5jz.cloudfront.net/web/images/productos/c/0000011000/11332.jpg
LaAnonima;Ensalada Coleslaw x 250 g.;Ensalada;2290.0;https://d1on8qs0xdu5jz.cloudfront.net/web/images/productos/c/0000026000/26856.jpg
LaAnonima;Cebolla Blanca (Kg);Cebolla;2290.0;https://d1on8qs0xdu5jz.cloudfront.net/web/images/productos/c/0000003000/3312.jpg
LaAnonima;Jengibre (Kg);Jengibre;6990.0;https://d1on8qs0xdu5jz.cloudfront.net/web/images/productos/c/0000003000/3290.jpg
LaAnonima;Nueces Peladas Pote Conosur x 100 g.;Nueces;3500.0;https://d1on8qs0xdu5jz.cloudfront.net/web/images/productos/c/0000008000/8752.jpg
LaAnonima;Tomates Secos El Peoncito x 100 g.;Tomates;3000.0;https://d1on8qs0xdu5jz.cloudfront.net/web/images/productos/c/0000011000/11326.jpg
LaAnonima;Nueces Peladas Mariposa El Peoncito x 200 g.;Nueces;6650.0;https://d1on8qs0xdu5jz.cloudfront.net/web/images/productos/c/0000006000/6639.jpg
LaAnonima;Radicheta Envasada x 70 gr;Radicheta;1690.0;https://d1on8qs0xdu5jz.cloudfront.net/web/images/productos/c/0000003000/3318.jpg
LaAnonima;Mix Araucano El Peoncito x 250 g.;Mix;4100.0;https://d1on8qs0xdu5jz.cloudfront.net/web/images/productos/c/0000006000/6647.jpg
LaAnonima;Pasas de Uva Sultanina Rubias El Peoncito x 100 g.;Pasas;1850.0;https://d1on8qs0xdu5jz.cloudfront.net/web/images/productos/c/0000006000/6903.jpg
LaAnonima;Morrón Variedades (Kg);Morrón;6990.0;https://d1on8qs0xdu5jz.cloudfront.net/web/images/productos/c/0000003000/3299.jpg
LaAnonima;Plátano (Kg);Plátano;3290.0;https://d1on8qs0xdu5jz.cloudfront.net/web/images/productos/c/0000003000/3316.jpg
LaAnonima;Pasas de Uva Sultanina Negras El Peoncito x 100 g.;Pasas;960.0;https://d1on8qs0xdu5jz.cloudfront.net/web/images/productos/c/0000002000/2089.jpg
LaAnonima;Maní Frito con Piel Maní King x 500 g.;Maní;3988.0;https://d1on8qs0xdu5jz.cloudfront.net/web/images/productos/c/0000026000/26921.jpg
LaAnonima;Cebolla Verdeo (Kg);Cebolla;2890.0;https://d1on8qs0xdu5jz.cloudfront.net/web/images/productos/c/0000002000/2379.jpg
LaAnonima;Maní Honey Roasted Spicy Dec Alimentos x 220 g.;Maní;2850.0;https://d1on8qs0xdu5jz.cloudfront.net/web/images/productos/c/0000026000/26960.jpg
LaAnonima;Almendras Peladas Villares x 150 g.;Almendras;5950.0;https://d1on8qs0xdu5jz.cloudfront.net/web/images/productos/c/0000002000/2707.jpg
LaAnonima;Almendras Peladas El Peoncito x 100 g.;Almendras;3550.0;https://d1on8qs0xdu5jz.cloudfront.net/web/images/productos/c/0000001000/1971.jpg
LaAnonima;Semillas de Girasol For Good x 125 g.;Semillas;1150.0;https://d1on8qs0xdu5jz.cloudfront.net/web/images/productos/c/0000008000/8645.jpg
LaAnonima;Pasas de Uva Negras El Peoncito x 250 g.;Pasas;2100.0;https://d1on8qs0xdu5jz.cloudfront.net/web/images/productos/c/0000006000/6642.jpg
LaAnonima;Ensalada Lechuga Repollo y Zanahoria Rie La Huerta x 200 g.;Ensalada;3290.0;https://d1on8qs0xdu5jz.cloudfront.net/web/images/productos/c/0000026000/26872.jpg
LaAnonima;Semilla de Chía El Peoncito x 175 g.;Semilla;2400.0;https://d1on8qs0xdu5jz.cloudfront.net/web/images/productos/c/0000006000/6651.jpg
LaAnonima;Zanahoria Rallada Rie La Huerta x 250 g.;Zanahoria;2490.0;https://d1on8qs0xdu5jz.cloudfront.net/web/images/productos/c/0000026000/26927.jpg
LaAnonima;Cramberries El Peoncito x 150 g.;Cramberries;3850.0;https://d1on8qs0xdu5jz.cloudfront.net/web/images/productos/c/0000011000/11323.jpg
LaAnonima;Vegetales para Wok Rie La Huerta x 370 g.;Vegetales;3490.0;https://d1on8qs0xdu5jz.cloudfront.net/web/images/productos/c/0000026000/26952.jpg
LaAnonima;Mix de Frutas Secas El Peoncito x 100 g.;Mix;2250.0;https://d1on8qs0xdu5jz.cloudfront.net/web/images/productos/c/0000003000/3172.jpg
LaAnonima;Mix de Frutos Secos Salados El Peoncito x 100 g.;Mix;2000.0;https://d1on8qs0xdu5jz.cloudfront.net/web/images/productos/c/0000004000/4715.jpg
LaAnonima;Castañas de Caju Salada y Tostada Villares x 150 g.;Castañas;6200.0;https://d1on8qs0xdu5jz.cloudfront.net/web/images/productos/c/0000007000/7619.jpg
LaAnonima;Maíz Frito y Salado El Peoncito x 100 g.;Maíz;2700.0;https://d1on8qs0xdu5jz.cloudfront.net/web/images/productos/c/0000026000/26844.jpg
LaAnonima;Kale & Remolacha Sueño Verde x 200 g.;Kale;2990.0;https://d1on8qs0xdu5jz.cloudfront.net/web/images/productos/c/0000026000/26862.jpg
LaAnonima;Girasol Tostado sin Sal x 200 gr;Girasol;899.0;https://d1on8qs0xdu5jz.cloudfront.net/web/images/productos/c/0000003000/3325.jpg
LaAnonima;Apio (Kg);Apio;2990.0;https://d1on8qs0xdu5jz.cloudfront.net/web/images/productos/c/0000002000/2374.jpg
LaAnonima;Mango (Kg);Mango;799900.0;https://d1on8qs0xdu5jz.cloudfront.net/web/images/productos/c/0000002000/2397.jpg
LaAnonima;Coco (Kg);Coco;4390.0;https://d1on8qs0xdu5jz.cloudfront.net/web/images/productos/c/0000007000/7136.jpg
LaAnonima;Blanco de Apio Rie La Huerta x 300 g.;Blanco;2890.0;https://d1on8qs0xdu5jz.cloudfront.net/web/images/productos/c/0000026000/26891.jpg
LaAnonima;Pistachos Tostados y Salados El Peoncito x 100 g.;Pistachos;5000.0;https://d1on8qs0xdu5jz.cloudfront.net/web/images/productos/c/0000008000/8462.jpg
LaAnonima;Ensalada Cítrica Sueño Verde x 200 g.;Ensalada;3990.0;https://d1on8qs0xdu5jz.cloudfront.net/web/images/productos/c/0000026000/26916.jpg
LaAnonima;Nueces Peladas El Peoncito Bolsa x 100 g.;Nueces;3400.0;https://d1on8qs0xdu5jz.cloudfront.net/web/images/productos/c/0000002000/2088.jpg
LaAnonima;Pasas de Uva Sultanina Negras El Peoncito x 250 g.;Pasas;2300.0;https://d1on8qs0xdu5jz.cloudfront.net/web/images/productos/c/0000002000/2090.jpg
LaAnonima;Pistacho c/Cascara Salado y Tostado El Peoncito x 200 g.;Pistacho;9850.0;https://d1on8qs0xdu5jz.cloudfront.net/web/images/productos/c/0000011000/11320.jpg
LaAnonima;Semillas de Chía For Good x 150 g.;Semillas;2200.0;https://d1on8qs0xdu5jz.cloudfront.net/web/images/productos/c/0000004000/4931.jpg
LaAnonima;Semilla de Sésamo Integral El Peoncito x 175 g.;Semilla;1100.0;https://d1on8qs0xdu5jz.cloudfront.net/web/images/productos/c/0000011000/11333.jpg
LaAnonima;Papines Andinos x 600 g.;Papines;4290.0;https://d1on8qs0xdu5jz.cloudfront.net/web/images/productos/c/0000009000/9286.jpg
LaAnonima;Lechuga Capuchina (Kg);Lechuga;3290.0;https://d1on8qs0xdu5jz.cloudfront.net/web/images/productos/c/0000002000/2383.jpg
LaAnonima;Mix de Frutas Seca-Semillas Granada El Peoncito x 100 g.;Mix;2150.0;https://d1on8qs0xdu5jz.cloudfront.net/web/images/productos/c/0000003000/3171.jpg
LaAnonima;Tomates Deshidratados El Peoncito x 100 g.;Tomates;3200.0;https://d1on8qs0xdu5jz.cloudfront.net/web/images/productos/c/0000002000/2418.jpg
LaAnonima;Semillas de Sésamo El Peoncito x 100 g.;Semillas;1700.0;https://d1on8qs0xdu5jz.cloudfront.net/web/images/productos/c/0000007000/7800.jpg
LaAnonima;Maní Tostado sin Sal Maní King x 500 gr;Maní;3990.0;https://d1on8qs0xdu5jz.cloudfront.net/web/images/productos/c/0000001000/1926.jpg
LaAnonima;Mezclum de Hojas Rocky x 300 g.;Mezclum;1490.0;https://d1on8qs0xdu5jz.cloudfront.net/web/images/productos/c/0000026000/26851.jpg
LaAnonima;Rúcula Rocky x 100 g.;Rúcula;2590.0;https://d1on8qs0xdu5jz.cloudfront.net/web/images/productos/c/0000026000/26852.jpg
LaAnonima;Hinojo (Kg);Hinojo;3290.0;https://d1on8qs0xdu5jz.cloudfront.net/web/images/productos/c/0000003000/3305.jpg
LaAnonima;Mix de Frutos Secos y Pasas Europeo El Peoncito x 100 g.;Mix;2800.0;https://d1on8qs0xdu5jz.cloudfront.net/web/images/productos/c/0000004000/4329.jpg
LaAnonima;Tomate Cherry (Kg);Tomate;8990.0;https://d1on8qs0xdu5jz.cloudfront.net/web/images/productos/c/0000003000/3307.jpg
LaAnonima;Nuez C/Cascara (Kg);Nuez;6999.0;https://d1on8qs0xdu5jz.cloudfront.net/web/images/productos/c/0000002000/2796.jpg
LaAnonima;Almendras Peladas Medianas El Peoncito x 250 g.;Almendras;8500.0;https://d1on8qs0xdu5jz.cloudfront.net/web/images/productos/c/0000006000/6640.jpg
LaAnonima;Mix Frutas Secas El Peoncito x 250 g.;Mix;5000.0;https://d1on8qs0xdu5jz.cloudfront.net/web/images/productos/c/0000006000/6644.jpg
LaAnonima;Ensalada Rúcula y Radicchio Sueño Verde x 110 g.;Ensalada;2690.0;https://d1on8qs0xdu5jz.cloudfront.net/web/images/productos/c/0000026000/26876.jpg
LaAnonima;Chips de Manzana Roja Fruch x 35 g.;Chips;1690.0;https://d1on8qs0xdu5jz.cloudfront.net/web/images/productos/c/0000026000/26885.jpg
LaAnonima;Chips de Manzana Verde Fruch x 35 g.;Chips;1690.0;https://d1on8qs0xdu5jz.cloudfront.net/web/images/productos/c/0000026000/26886.jpg
LaAnonima;Semillas de Girasol El Peoncito x 100 g.;Semillas;1450.0;https://d1on8qs0xdu5jz.cloudfront.net/web/images/productos/c/0000002000/2839.jpg
LaAnonima;Semillas de Chía El Peoncito x 100 g.;Semillas;1650.0;https://d1on8qs0xdu5jz.cloudfront.net/web/images/productos/c/0000002000/2840.jpg
LaAnonima;Mix Frutas Secas The Happy Snack x 300 g.;Mix;5350.0;https://d1on8qs0xdu5jz.cloudfront.net/web/images/productos/c/0000026000/26913.jpg
LaAnonima;Mix Desayuno The Happy Snack x 300 g.;Mix;5350.0;https://d1on8qs0xdu5jz.cloudfront.net/web/images/productos/c/0000026000/26914.jpg
LaAnonima;Mix de Frutos Secos Tropical El Peoncito x 100 g.;Mix;2200.0;https://d1on8qs0xdu5jz.cloudfront.net/web/images/productos/c/0000000000/549.jpg
LaAnonima;Almendras Peladas sin Tacc The Happy Snack x 50 g.;Almendras;2100.0;https://d1on8qs0xdu5jz.cloudfront.net/web/images/productos/c/0000026000/26917.jpg
LaAnonima;Mix Energético sin Tacc The Happy Snack x 50 g.;Mix;1600.0;https://d1on8qs0xdu5jz.cloudfront.net/web/images/productos/c/0000026000/26919.jpg
LaAnonima;Mix de Frutas Secas Desec Patagónico El Peoncito x 100 g.;Mix;3150.0;https://d1on8qs0xdu5jz.cloudfront.net/web/images/productos/c/0000009000/9006.jpg
LaAnonima;Mix Saladito Pote Conosur x 150 g.;Mix;2550.0;https://d1on8qs0xdu5jz.cloudfront.net/web/images/productos/c/0000008000/8753.jpg
LaAnonima;Ciruela Presidente sin Carozo El Peoncito x 250 g.;Ciruela;5500.0;https://d1on8qs0xdu5jz.cloudfront.net/web/images/productos/c/0000011000/11322.jpg
LaAnonima;Ciruela (Kg);Ciruela;2890.0;https://d1on8qs0xdu5jz.cloudfront.net/web/images/productos/c/0000000060/63.jpg
LaAnonima;Maíz Frito Miel y Mostaza Atuel Valley x 30 g.;Maíz;1050.0;https://d1on8qs0xdu5jz.cloudfront.net/web/images/productos/c/0000026000/26944.jpg
LaAnonima;Choclo sin chala (Kg);Choclo;1490.0;https://d1on8qs0xdu5jz.cloudfront.net/web/images/productos/c/0000002000/2380.jpg
LaAnonima;Pipas Peladas sin Sal Pipas x 180 g.;Pipas;2350.0;https://d1on8qs0xdu5jz.cloudfront.net/web/images/productos/c/0000026000/26962.jpg
LaAnonima;Pipas Peladas Natural Pipas x 180 g.;Pipas;2350.0;https://d1on8qs0xdu5jz.cloudfront.net/web/images/productos/c/0000026000/26963.jpg
LaAnonima;Pasas de Uva Moscatel El Peoncito x 250 g.;Pasas;1750.0;https://d1on8qs0xdu5jz.cloudfront.net/web/images/productos/c/0000003000/3434.jpg
LaAnonima;Almendras Saladas y Tostadas El Peoncito x 100 g.;Almendras;4100.0;https://d1on8qs0xdu5jz.cloudfront.net/web/images/productos/c/0000002000/2708.jpg
LaAnonima;Nueces Peladas Mariposa Villares x 100 g.;Nueces;4000.0;https://d1on8qs0xdu5jz.cloudfront.net/web/images/productos/c/0000002000/2709.jpg
LaAnonima;Pasas de Uva Sultanina Negra Pote Villares x 200 g.;Pasas;2050.0;https://d1on8qs0xdu5jz.cloudfront.net/web/images/productos/c/0000007000/7618.jpg
LaAnonima;Semillas de Lino For Good x 150 g.;Semillas;920.0;https://d1on8qs0xdu5jz.cloudfront.net/web/images/productos/c/0000008000/8644.jpg
LaAnonima;Tomate Comercial Chico (Kg);Tomate;160000.0;https://d1on8qs0xdu5jz.cloudfront.net/web/images/productos/c/0000026000/26822.jpg
LaAnonima;Hongos Secos El Peoncito x 50 g.;Hongos;2750.0;https://d1on8qs0xdu5jz.cloudfront.net/web/images/productos/c/0000006000/6865.jpg
LaAnonima;Zanahoria Rallada Roots x 250 g.;Zanahoria;2690.0;https://d1on8qs0xdu5jz.cloudfront.net/web/images/productos/c/0000026000/26857.jpg
LaAnonima;Tomate Perita (Kg);Tomate;5690.0;https://d1on8qs0xdu5jz.cloudfront.net/web/images/productos/c/0000003000/3308.jpg
LaAnonima;Banana Chips El Peoncito x 150 g.;Banana;2850.0;https://d1on8qs0xdu5jz.cloudfront.net/web/images/productos/c/0000006000/6643.jpg
LaAnonima;Mix Tropical El Peoncito x 200 g.;Mix;3900.0;https://d1on8qs0xdu5jz.cloudfront.net/web/images/productos/c/0000006000/6645.jpg
LaAnonima;Mix Europeo El Peoncito x 250 g.;Mix;6200.0;https://d1on8qs0xdu5jz.cloudfront.net/web/images/productos/c/0000006000/6646.jpg
LaAnonima;Ciboulette Envasado x 70 gr;Ciboulette;1690.0;https://d1on8qs0xdu5jz.cloudfront.net/web/images/productos/c/0000003000/3323.jpg
Jumbo;Banana Ecuador Por Kg;Banana;1799.0;https://jumboargentinaio.vtexassets.com/arquivos/ids/790316-500-auto?v=638272137671900000&width=500&height=auto&aspect=true
Jumbo;Palta Hass Elegida Unidad;Palta;699.0;https://jumboargentinaio.vtexassets.com/arquivos/ids/763476-500-auto?v=638080005645570000&width=500&height=auto&aspect=true
Jumbo;Almendras Peladas Sueltas X Kg;Almendras;8999.25;https://jumboargentinaio.vtexassets.com/arquivos/ids/773178-500-auto?v=638138865872070000&width=500&height=auto&aspect=true
Jumbo;Nueces Mariposa Sin Cascara Por Kg;Nueces;11249.25;https://jumboargentinaio.vtexassets.com/arquivos/ids/773176-500-auto?v=638138865867030000&width=500&height=auto&aspect=true
Jumbo;Manzana Roja Por Kg;Manzana;1724.25;https://jumboargentinaio.vtexassets.com/arquivos/ids/472481-500-auto?v=636694698370130000&width=500&height=auto&aspect=true
Jumbo;Naranja Jugo Especial Por Kg;Naranja;1199.25;https://jumboargentinaio.vtexassets.com/arquivos/ids/447204-500-auto?v=636559052624870000&width=500&height=auto&aspect=true
Jumbo;Limón X Kg;Limón;599.0;https://jumboargentinaio.vtexassets.com/arquivos/ids/181777-500-auto?v=636383419335130000&width=500&height=auto&aspect=true
Jumbo;Naranja Para Jugo El Kg.;Naranja;999.0;https://jumboargentinaio.vtexassets.com/arquivos/ids/764069-500-auto?v=638084434020330000&width=500&height=auto&aspect=true
Jumbo;Mandarina Okitsu Por Kg;Mandarina;899.0;https://jumboargentinaio.vtexassets.com/arquivos/ids/472813-500-auto?v=636695562339300000&width=500&height=auto&aspect=true
Jumbo;Manzana Gran Smith X Kg;Manzana;3499.0;https://jumboargentinaio.vtexassets.com/arquivos/ids/472810-500-auto?v=636695562318370000&width=500&height=auto&aspect=true
Jumbo;Pera Por Kg;Pera;999.0;https://jumboargentinaio.vtexassets.com/arquivos/ids/447462-500-auto?v=636559053682470000&width=500&height=auto&aspect=true
Jumbo;Maní Pelado Salado Por Kg;Maní;4724.25;https://jumboargentinaio.vtexassets.com/arquivos/ids/180176-500-auto?v=636383391515400000&width=500&height=auto&aspect=true
Jumbo;Uva Red Globe X Kg;Uva;3699.0;https://jumboargentinaio.vtexassets.com/arquivos/ids/472992-500-auto?v=636695568808430000&width=500&height=auto&aspect=true
Jumbo;Pomelo Ruby Star X Kg;Pomelo;1399.0;https://jumboargentinaio.vtexassets.com/arquivos/ids/472995-500-auto?v=636695570951300000&width=500&height=auto&aspect=true
Jumbo;Naranja Por Kg;Naranja;999.0;https://jumboargentinaio.vtexassets.com/arquivos/ids/765610-500-auto?v=638095882474030000&width=500&height=auto&aspect=true
Jumbo;Arandanos Green Life 400g;Arandanos;4000.0;https://jumboargentinaio.vtexassets.com/arquivos/ids/814129-500-auto?v=638451635074470000&width=500&height=auto&aspect=true
Jumbo;Arándano 125 Gr;Arándano;5299.0;https://jumboargentinaio.vtexassets.com/arquivos/ids/176508-500-auto?v=636383331695530000&width=500&height=auto&aspect=true
Jumbo;Ciruela Negra Elegida Por Kg;Ciruela;4999.0;https://jumboargentinaio.vtexassets.com/arquivos/ids/657475-500-auto?v=637629309055270000&width=500&height=auto&aspect=true
Jumbo;Castañas De Caju 1 Kg.;Castañas;18675.0;https://jumboargentinaio.vtexassets.com/arquivos/ids/773179-500-auto?v=638138865874700000&width=500&height=auto&aspect=true
Jumbo;Uva Negra X Kg;Uva;3699.0;https://jumboargentinaio.vtexassets.com/arquivos/ids/424011-500-auto?v=636482200571670000&width=500&height=auto&aspect=true
Jumbo;Piña Gold X Kg;Piña;2199.0;https://jumboargentinaio.vtexassets.com/arquivos/ids/763477-500-auto?v=638080005648530000&width=500&height=auto&aspect=true
Jumbo;Melón Blanco Por Kg;Melón;2299.0;https://jumboargentinaio.vtexassets.com/arquivos/ids/473001-500-auto?v=636695572089600000&width=500&height=auto&aspect=true
Jumbo;Manzana Pink Lady Por Kg;Manzana;1699.0;https://jumboargentinaio.vtexassets.com/arquivos/ids/429597-500-auto?v=636501201513870000&width=500&height=auto&aspect=true
Jumbo;Lima X Kg;Lima;2899.0;https://jumboargentinaio.vtexassets.com/arquivos/ids/427919-500-auto?v=636495157530100000&width=500&height=auto&aspect=true
Jumbo;Castañas De Caju 150 Gr;Castañas;3974.25;https://jumboargentinaio.vtexassets.com/arquivos/ids/805712-500-auto?v=638398282357930000&width=500&height=auto&aspect=true
Jumbo;Frambuesas X400g Green Life;Frambuesas;8400.0;https://jumboargentinaio.vtexassets.com/arquivos/ids/789031-500-auto?v=638258961805600000&width=500&height=auto&aspect=true
Jumbo;Pera Red Battler  1 Kg;Pera;1699.0;https://jumboargentinaio.vtexassets.com/arquivos/ids/180080-500-auto?v=636383390097700000&width=500&height=auto&aspect=true
Jumbo;Mango X Unidad;Mango;2999.0;https://jumboargentinaio.vtexassets.com/arquivos/ids/421046-500-auto?v=636481014880000000&width=500&height=auto&aspect=true
Jumbo;Frutillas Green Life 400g;Frutillas;5000.0;https://jumboargentinaio.vtexassets.com/arquivos/ids/800476-500-auto?v=638355730889430000&width=500&height=auto&aspect=true
Jumbo;Mix Energetico Bolsa 500 Gr;Mix;9749.25;https://jumboargentinaio.vtexassets.com/arquivos/ids/805717-500-auto?v=638398282374130000&width=500&height=auto&aspect=true
Jumbo;Mix 3 Berries Karinat 300 Gr;Mix;5400.0;https://jumboargentinaio.vtexassets.com/arquivos/ids/489679-500-auto?v=636749130514630000&width=500&height=auto&aspect=true
Jumbo;Chips De Banana Pote 100 Gr;Chips;1874.25;https://jumboargentinaio.vtexassets.com/arquivos/ids/552337-500-auto?v=637075279181000000&width=500&height=auto&aspect=true
Jumbo;Granola Tradicional X 400gr;Granola;2617.5;https://jumboargentinaio.vtexassets.com/arquivos/ids/787786-500-auto?v=638242763135570000&width=500&height=auto&aspect=true
Jumbo;Pera Danjou-sin Atributo-s/e-kg-1;Pera;1799.0;https://jumboargentinaio.vtexassets.com/arquivos/ids/194817-500-auto?v=636383557517430000&width=500&height=auto&aspect=true
Jumbo;Arándanos Karinat X300g;Arándanos;5000.0;https://jumboargentinaio.vtexassets.com/arquivos/ids/617327-500-auto?v=637437282797270000&width=500&height=auto&aspect=true
Jumbo;Mix 4 Berries Green Life 400g;Mix;5950.0;https://jumboargentinaio.vtexassets.com/arquivos/ids/789974-500-auto?v=638270301684470000&width=500&height=auto&aspect=true
Jumbo;Manzana Rome 1 Kg;Manzana;3999.0;https://jumboargentinaio.vtexassets.com/arquivos/ids/180081-500-auto?v=636383390110170000&width=500&height=auto&aspect=true
Jumbo;Datiles X Kg.;Datiles;13499.25;https://jumboargentinaio.vtexassets.com/arquivos/ids/652582-500-auto?v=637601020387800000&width=500&height=auto&aspect=true
Jumbo;Granada Unidad;Granada;2299.0;https://jumboargentinaio.vtexassets.com/arquivos/ids/449517-500-auto?v=636568556445070000&width=500&height=auto&aspect=true
Jumbo;Pimienta Negra En Grano 50 Gr;Pimienta;1690.0;https://jumboargentinaio.vtexassets.com/arquivos/ids/203613-500-auto?v=636383656130300000&width=500&height=auto&aspect=true
Jumbo;Ajo Deshidratado Molido;Ajo;1690.0;https://jumboargentinaio.vtexassets.com/arquivos/ids/763095-500-auto?v=638076873859570000&width=500&height=auto&aspect=true
Jumbo;Chimichurri 51 X100gr;Chimichurri;799.0;https://jumboargentinaio.vtexassets.com/arquivos/ids/185592-500-auto?v=636383469333170000&width=500&height=auto&aspect=true
Jumbo;Adobo Para Pizza 100 Gr;Adobo;1749.0;https://jumboargentinaio.vtexassets.com/arquivos/ids/447224-500-auto?v=636559052700130000&width=500&height=auto&aspect=true
Jumbo;Orégano 100 Gr;Orégano;1799.0;https://jumboargentinaio.vtexassets.com/arquivos/ids/185410-500-auto?v=636383467175230000&width=500&height=auto&aspect=true
Jumbo;Condimento Para Pizza X 100 Grs;Condimento;1790.0;https://jumboargentinaio.vtexassets.com/arquivos/ids/555839-500-auto?v=637100325336700000&width=500&height=auto&aspect=true
Jumbo;Ají Molido 100 Gr;Ají;1990.0;https://jumboargentinaio.vtexassets.com/arquivos/ids/447200-500-auto?v=636559052593130000&width=500&height=auto&aspect=true
Jumbo;Condimento Para Preparar Pesto X 100 Grs;Condimento;1790.0;https://jumboargentinaio.vtexassets.com/arquivos/ids/555836-500-auto?v=637100325037170000&width=500&height=auto&aspect=true
Jumbo;Sal De Ajo X 100 Grs;Sal;1690.0;https://jumboargentinaio.vtexassets.com/arquivos/ids/555835-500-auto?v=637100324836200000&width=500&height=auto&aspect=true
Jumbo;Chimichurri Clasico Deshidratado;Chimichurri;1890.0;https://jumboargentinaio.vtexassets.com/arquivos/ids/536763-500-auto?v=636962661437400000&width=500&height=auto&aspect=true
Jumbo;Zanahoria Orgánica Fraccionada X 1 Kilo;Zanahoria;2699.0;https://jumboargentinaio.vtexassets.com/arquivos/ids/698611-500-auto?v=637871997727930000&width=500&height=auto&aspect=true
Jumbo;Ajo Organico X 3;Ajo;999.0;https://jumboargentinaio.vtexassets.com/arquivos/ids/698615-500-auto?v=637871997744200000&width=500&height=auto&aspect=true
Jumbo;Pera Orgánica;Pera;2499.0;https://jumboargentinaio.vtexassets.com/arquivos/ids/414214-500-auto?v=636442096279600000&width=500&height=auto&aspect=true
Jumbo;Palta Hass Organica X Unidad;Palta;999.99;https://jumboargentinaio.vtexassets.com/arquivos/ids/711366-500-auto?v=637939281949000000&width=500&height=auto&aspect=true
Jumbo;Cebolla Cobriza Organica Fraccionada;Cebolla;3690.0;https://jumboargentinaio.vtexassets.com/arquivos/ids/468683-500-auto?v=636680877145900000&width=500&height=auto&aspect=true
Jumbo;Jengibre Por Kg;Jengibre;6499.0;https://jumboargentinaio.vtexassets.com/arquivos/ids/582998-500-auto?v=637234676361930000&width=500&height=auto&aspect=true
Jumbo;Arroz Yamani 400 Gr;Arroz;849.0;https://jumboargentinaio.vtexassets.com/arquivos/ids/503119-500-auto?v=636814903233400000&width=500&height=auto&aspect=true
Jumbo;Harina De Garbanzo;Harina;1699.0;https://jumboargentinaio.vtexassets.com/arquivos/ids/809008-500-auto?v=638430250265570000&width=500&height=auto&aspect=true
Jumbo;Arroz Para Sushi 400 Gr;Arroz;1990.0;https://jumboargentinaio.vtexassets.com/arquivos/ids/503120-500-auto?v=636814903236400000&width=500&height=auto&aspect=true
Jumbo;Garbanzos X 500 Gr-bsa-gr.-500;Garbanzos;2499.0;https://jumboargentinaio.vtexassets.com/arquivos/ids/717425-500-auto?v=637981725713000000&width=500&height=auto&aspect=true
Jumbo;Chia Semilla Entera;Chia;3199.0;https://jumboargentinaio.vtexassets.com/arquivos/ids/186464-500-auto?v=636383479734100000&width=500&height=auto&aspect=true
Jumbo;Harina De Lino-bolsa-gr.-250;Harina;1899.0;https://jumboargentinaio.vtexassets.com/arquivos/ids/756306-500-auto?v=638028274076300000&width=500&height=auto&aspect=true
Jumbo;Chia Triturada;Chia;3299.0;https://jumboargentinaio.vtexassets.com/arquivos/ids/446641-500-auto?v=636556458247330000&width=500&height=auto&aspect=true
Jumbo;Mezcla De Semillas Nativa 250 Gr;Mezcla;3199.0;https://jumboargentinaio.vtexassets.com/arquivos/ids/190880-500-auto?v=636383515968930000&width=500&height=auto&aspect=true
Jumbo;Harina De Quinoa-bsa-gr.-250;Harina;6299.0;https://jumboargentinaio.vtexassets.com/arquivos/ids/755950-500-auto?v=638025790111600000&width=500&height=auto&aspect=true
Jumbo;Sesamo Nutraceutica Sturla Semilla Entera 250 Gr;Sesamo;3199.0;https://jumboargentinaio.vtexassets.com/arquivos/ids/428908-500-auto?v=636499470231930000&width=500&height=auto&aspect=true
Jumbo;Sal Rosada Fina  X 1 Kg;Sal;4499.0;https://jumboargentinaio.vtexassets.com/arquivos/ids/774206-500-auto?v=638149233858070000&width=500&height=auto&aspect=true
Jumbo;Arvejas Partidas Bolsa 500 Gr;Arvejas;1999.0;https://jumboargentinaio.vtexassets.com/arquivos/ids/432624-500-auto?v=636513312385730000&width=500&height=auto&aspect=true
Jumbo;Mezcla De Semillas Crocantes;Mezcla;3199.0;https://jumboargentinaio.vtexassets.com/arquivos/ids/427608-500-auto?v=636495152804430000&width=500&height=auto&aspect=true
Jumbo;Semilla Lino Entera;Semilla;1590.0;https://jumboargentinaio.vtexassets.com/arquivos/ids/463218-500-auto?v=636643728253970000&width=500&height=auto&aspect=true
Jumbo;Mezcla  De Semillas Silvestre;Mezcla;2999.0;https://jumboargentinaio.vtexassets.com/arquivos/ids/190866-500-auto?v=636383515847470000&width=500&height=auto&aspect=true
Jumbo;Mezcla De Semillas Rustica;Mezcla;3199.0;https://jumboargentinaio.vtexassets.com/arquivos/ids/190999-500-auto?v=636383516937870000&width=500&height=auto&aspect=true
Jumbo;Harina De Amaranto-bsa-gr.-250;Harina;5299.0;https://jumboargentinaio.vtexassets.com/arquivos/ids/755948-500-auto?v=638025790103330000&width=500&height=auto&aspect=true
Jumbo;Porotos Colorados 500 Gr;Porotos;2999.0;https://jumboargentinaio.vtexassets.com/arquivos/ids/783041-500-auto?v=638206690659400000&width=500&height=auto&aspect=true
Jumbo;Arroz Para Risotto 400 Gr;Arroz;2290.0;https://jumboargentinaio.vtexassets.com/arquivos/ids/535805-500-auto?v=636953450375030000&width=500&height=auto&aspect=true
Jumbo;Lentejas A Granel 250 Gr;Lentejas;3299.0;https://jumboargentinaio.vtexassets.com/arquivos/ids/820918-500-auto?v=638503475301130000&width=500&height=auto&aspect=true
Jumbo;Curcuma A Granel X 1 Kg;Curcuma;9999.0;https://jumboargentinaio.vtexassets.com/arquivos/ids/539259-500-auto?v=636989736654200000&width=500&height=auto&aspect=true
Jumbo;Chimichurry;Chimichurry;12999.0;https://jumboargentinaio.vtexassets.com/arquivos/ids/717436-500-auto?v=637981725744970000&width=500&height=auto&aspect=true
Jumbo;Huevos Blancos Maxima 30 U;Huevos;5650.0;https://jumboargentinaio.vtexassets.com/arquivos/ids/587049-500-auto?v=637269241832770000&width=500&height=auto&aspect=true
Jumbo;Huevos Blancos Doña Lala Maple X 30 U;Huevos;7150.0;https://jumboargentinaio.vtexassets.com/arquivos/ids/677930-500-auto?v=637734621772830000&width=500&height=auto&aspect=true
Jumbo;Huevos Blancos Avicoper 30 U;Huevos;6750.0;https://jumboargentinaio.vtexassets.com/arquivos/ids/195441-500-auto?v=636383565319570000&width=500&height=auto&aspect=true
Jumbo;Huevos Libres De Jaula Cuisine &co X6;Huevos;1950.0;https://jumboargentinaio.vtexassets.com/arquivos/ids/767972-500-auto?v=638114026058500000&width=500&height=auto&aspect=true
Jumbo;Huevos Blancos Avicoper 6 U - 1 Paquete;Huevos;1650.0;https://jumboargentinaio.vtexassets.com/arquivos/ids/194788-500-auto?v=636383557325470000&width=500&height=auto&aspect=true
Jumbo;Huevos Blancos Doña Lala X 12u Carton;Huevos;3200.0;https://jumboargentinaio.vtexassets.com/arquivos/ids/677925-500-auto?v=637734621757330000&width=500&height=auto&aspect=true
Jumbo;Huevo Color  Avicereal Media Docena Caja X 6;Huevo;2450.0;https://jumboargentinaio.vtexassets.com/arquivos/ids/178531-500-auto?v=636383365881000000&width=500&height=auto&aspect=true
Jumbo;Huevos Color Maxima 30 U;Huevos;5750.0;https://jumboargentinaio.vtexassets.com/arquivos/ids/587046-500-auto?v=637269241824230000&width=500&height=auto&aspect=true
Jumbo;Huevo Blanco Ecoverde X 6 Un;Huevo;1950.0;https://jumboargentinaio.vtexassets.com/arquivos/ids/186702-500-auto?v=636383482203630000&width=500&height=auto&aspect=true
Jumbo;Huevos Color Doña Lala X 6u Plastico;Huevos;2000.0;https://jumboargentinaio.vtexassets.com/arquivos/ids/677933-500-auto?v=637734621782430000&width=500&height=auto&aspect=true
Jumbo;Huevo Avicoper Blanco;Huevo;2250.0;https://jumboargentinaio.vtexassets.com/arquivos/ids/367621-500-auto?v=636440258245070000&width=500&height=auto&aspect=true
Jumbo;Huevos Blancos Carnave 6 U;Huevos;2050.0;https://jumboargentinaio.vtexassets.com/arquivos/ids/644725-500-auto?v=637576825044130000&width=500&height=auto&aspect=true
Jumbo;Maní Tostado Sin Sal X 350 Grs;Maní;2499.0;https://jumboargentinaio.vtexassets.com/arquivos/ids/762138-500-auto?v=638064561838200000&width=500&height=auto&aspect=true
Jumbo;Ciruela Dágen Sin Carozo Pote 150 Gr;Ciruela;1290.0;https://jumboargentinaio.vtexassets.com/arquivos/ids/552819-500-auto?v=637076563631970000&width=500&height=auto&aspect=true
Jumbo;Granola Energética X 400gr;Granola;3490.0;https://jumboargentinaio.vtexassets.com/arquivos/ids/787788-500-auto?v=638242763141030000&width=500&height=auto&aspect=true
Jumbo;Plátano X Kg;Plátano;2699.0;https://jumboargentinaio.vtexassets.com/arquivos/ids/424307-500-auto?v=636486511462430000&width=500&height=auto&aspect=true
Jumbo;Mix Enegertico - Sin Tacc;Mix;1290.0;https://jumboargentinaio.vtexassets.com/arquivos/ids/686215-500-auto?v=637789918251000000&width=500&height=auto&aspect=true
Jumbo;Cereal De Maiz Nikitos 80 Gr;Cereal;449.25;https://jumboargentinaio.vtexassets.com/arquivos/ids/533878-500-auto?v=636930984329770000&width=500&height=auto&aspect=true
Jumbo;Cereal De Maiz Inflado Nikitos 350 Gr;Cereal;1799.25;https://jumboargentinaio.vtexassets.com/arquivos/ids/533880-500-auto?v=636930984337570000&width=500&height=auto&aspect=true
Jumbo;Castañas De Caju Tostadas Y Saladas - Sin Tacc;Castañas;1267.5;https://jumboargentinaio.vtexassets.com/arquivos/ids/686218-500-auto?v=637789918259700000&width=500&height=auto&aspect=true
Jumbo;Pasas Sult Rubias X 150 Grs-pot-un.-1;Pasas;1874.25;https://jumboargentinaio.vtexassets.com/arquivos/ids/552336-500-auto?v=637075279177400000&width=500&height=auto&aspect=true
Jumbo;Maní Tostado Con Cáscara X 400 Grs;Maní;2024.25;https://jumboargentinaio.vtexassets.com/arquivos/ids/789309-500-auto?v=638264145876030000&width=500&height=auto&aspect=true
Jumbo;Pera Gra 1 Kg Abate Fetel;Pera;1699.0;https://jumboargentinaio.vtexassets.com/arquivos/ids/182472-500-auto?v=636383431309930000&width=500&height=auto&aspect=true
Jumbo;Mani Todo Resuelto Color Crudo;Mani;4724.25;https://jumboargentinaio.vtexassets.com/arquivos/ids/773175-500-auto?v=638138865864400000&width=500&height=auto&aspect=true
Jumbo;Pasas De Uva Con Chocolate 150 Gr;Pasas;2774.25;https://jumboargentinaio.vtexassets.com/arquivos/ids/805715-500-auto?v=638398282368330000&width=500&height=auto&aspect=true
Jumbo;Membrillo;Membrillo;3999.0;https://jumboargentinaio.vtexassets.com/arquivos/ids/180102-500-auto?v=636383390548430000&width=500&height=auto&aspect=true
Jumbo;Papas Fritas Nikitos Pay 100 Gr;Papas;974.25;https://jumboargentinaio.vtexassets.com/arquivos/ids/533870-500-auto?v=636930984301470000&width=500&height=auto&aspect=true
Jumbo;Maní Con Chocolate 150 Gr;Maní;2467.5;https://jumboargentinaio.vtexassets.com/arquivos/ids/367619-500-auto?v=636440257905600000&width=500&height=auto&aspect=true
Jumbo;Coco En Escamas X 50 Gr;Coco;1390.27;https://jumboargentinaio.vtexassets.com/arquivos/ids/548425-500-auto?v=637043734331170000&width=500&height=auto&aspect=true
Jumbo;Moras 550g Green Life;Moras;9650.0;https://jumboargentinaio.vtexassets.com/arquivos/ids/657130-500-auto?v=637624881431570000&width=500&height=auto&aspect=true
Jumbo;Pimentón Dulce X 1 Kg;Pimentón;21749.25;https://jumboargentinaio.vtexassets.com/arquivos/ids/652604-500-auto?v=637601020440730000&width=500&height=auto&aspect=true
Jumbo;Avellanas 100 Gr;Avellanas;3702.6;https://jumboargentinaio.vtexassets.com/arquivos/ids/805711-500-auto?v=638398282353770000&width=500&height=auto&aspect=true
Jumbo;Maní Salado Sin Piel X 350 Grs;Maní;1874.25;https://jumboargentinaio.vtexassets.com/arquivos/ids/762133-500-auto?v=638064561820030000&width=500&height=auto&aspect=true
Jumbo;Mix Desayuno 150 Gr;Mix;2242.5;https://jumboargentinaio.vtexassets.com/arquivos/ids/805707-500-auto?v=638398282341030000&width=500&height=auto&aspect=true
Jumbo;Mix Supremo 150 Gr;Mix;3892.5;https://jumboargentinaio.vtexassets.com/arquivos/ids/805713-500-auto?v=638398282361830000&width=500&height=auto&aspect=true
Jumbo;Mani Repelado Tostado Y Salado  X 500g;Mani;2474.25;https://jumboargentinaio.vtexassets.com/arquivos/ids/700525-500-auto?v=637880531587700000&width=500&height=auto&aspect=true
Jumbo;Sandia Baby 1 Kg;Sandia;2999.0;https://jumboargentinaio.vtexassets.com/arquivos/ids/657271-500-auto?v=637625205086300000&width=500&height=auto&aspect=true
Jumbo;Maní Japones X 400 Gr;Maní;3367.5;https://jumboargentinaio.vtexassets.com/arquivos/ids/805718-500-auto?v=638398282377500000&width=500&height=auto&aspect=true
Jumbo;Granola Live X 400gr;Granola;2617.5;https://jumboargentinaio.vtexassets.com/arquivos/ids/787785-500-auto?v=638242763131570000&width=500&height=auto&aspect=true
Jumbo;Mango En Rodajas Pote 100 Gr;Mango;517.5;https://jumboargentinaio.vtexassets.com/arquivos/ids/552339-500-auto?v=637075279188200000&width=500&height=auto&aspect=true
Jumbo;Avellanas Con Chocolate 150 Gr;Avellanas;4117.5;https://jumboargentinaio.vtexassets.com/arquivos/ids/765907-500-auto?v=638100849756330000&width=500&height=auto&aspect=true
Jumbo;Tomate En Mitades Deshidratados Paquete 70 Gr;Tomate;1492.5;https://jumboargentinaio.vtexassets.com/arquivos/ids/552338-500-auto?v=637075279183800000&width=500&height=auto&aspect=true
Jumbo;Higos Negros Desec 150 Gr;Higos;1267.5;https://jumboargentinaio.vtexassets.com/arquivos/ids/428922-500-auto?v=636499470295100000&width=500&height=auto&aspect=true
Jumbo;Granberries  Pote 100 Gr;Granberries;2249.25;https://jumboargentinaio.vtexassets.com/arquivos/ids/552345-500-auto?v=637075279337100000&width=500&height=auto&aspect=true
Jumbo;Almendras Peladas - Sin Tacc;Almendras;1267.5;https://jumboargentinaio.vtexassets.com/arquivos/ids/686214-500-auto?v=637789918248000000&width=500&height=auto&aspect=true
Jumbo;Curry;Curry;10499.25;https://jumboargentinaio.vtexassets.com/arquivos/ids/765611-500-auto?v=638095882476200000&width=500&height=auto&aspect=true
Jumbo;Chocolate Con Leche Confitado;Chocolate;2624.25;https://jumboargentinaio.vtexassets.com/arquivos/ids/805716-500-auto?v=638398282371000000&width=500&height=auto&aspect=true
Jumbo;Pulpa Mango Maracuyá Congelada Karinat 250 Gr;Pulpa;4850.0;https://jumboargentinaio.vtexassets.com/arquivos/ids/489677-500-auto?v=636749130506100000&width=500&height=auto&aspect=true
Jumbo;Semillas De Zapallo;Semillas;19499.25;https://jumboargentinaio.vtexassets.com/arquivos/ids/652603-500-auto?v=637601020438400000&width=500&height=auto&aspect=true
Jumbo;Kaqui X Kg;Kaqui;3999.0;https://jumboargentinaio.vtexassets.com/arquivos/ids/657353-500-auto?v=637626717119500000&width=500&height=auto&aspect=true
Jumbo;Mix Energético 135 Gr;Mix;2999.25;https://jumboargentinaio.vtexassets.com/arquivos/ids/805708-500-auto?v=638398282344600000&width=500&height=auto&aspect=true
Jumbo;Granola Frutos Secos, Semillas Y Miel X 1kg;Granola;9749.25;https://jumboargentinaio.vtexassets.com/arquivos/ids/751253-500-auto?v=638006025902770000&width=500&height=auto&aspect=true
Jumbo;Higos De Smirna 200 Gr;Higos;5249.25;https://jumboargentinaio.vtexassets.com/arquivos/ids/805704-500-auto?v=638398282329330000&width=500&height=auto&aspect=true
Jumbo;Ciruelas Dágen Desecada Sin Carozo;Ciruelas;6374.25;https://jumboargentinaio.vtexassets.com/arquivos/ids/423686-500-auto?v=636482192219970000&width=500&height=auto&aspect=true
Jumbo;Peras En Mitades Pote 150 Gr;Peras;1717.5;https://jumboargentinaio.vtexassets.com/arquivos/ids/552341-500-auto?v=637075279323000000&width=500&height=auto&aspect=true
Jumbo;Damascos Turcos Pote 200 Gr;Damascos;5999.25;https://jumboargentinaio.vtexassets.com/arquivos/ids/805705-500-auto?v=638398282332730000&width=500&height=auto&aspect=true
Jumbo;Pizzitos De Jamón Y Queso Nikitos 80 Gr;Pizzitos;449.25;https://jumboargentinaio.vtexassets.com/arquivos/ids/533881-500-auto?v=636930984341630000&width=500&height=auto&aspect=true
Jumbo;Peras Desecadas X 150 Grs-pot-un.-1;Peras;1117.5;https://jumboargentinaio.vtexassets.com/arquivos/ids/539594-500-auto?v=636991026915500000&width=500&height=auto&aspect=true
Jumbo;Papas Fritas Nikitos Clasicas 100 Gr;Papas;974.25;https://jumboargentinaio.vtexassets.com/arquivos/ids/533882-500-auto?v=636930984346800000&width=500&height=auto&aspect=true
Jumbo;Granola Cajú, Coco Y Pasas X 1kg;Granola;9749.25;https://jumboargentinaio.vtexassets.com/arquivos/ids/751252-500-auto?v=638006025899700000&width=500&height=auto&aspect=true
Jumbo;Mix Frutas Secas 40 Gr;Mix;667.5;https://jumboargentinaio.vtexassets.com/arquivos/ids/760504-500-auto?v=638049225755030000&width=500&height=auto&aspect=true
Jumbo;Mix Semillas;Mix;6749.25;https://jumboargentinaio.vtexassets.com/arquivos/ids/773186-500-auto?v=638138865899400000&width=500&height=auto&aspect=true
Jumbo;Mix Crocante X 100 Gr;Mix;1867.5;https://jumboargentinaio.vtexassets.com/arquivos/ids/548423-500-auto?v=637043734325370000&width=500&height=auto&aspect=true
Jumbo;Mix Power 40 Gr;Mix;667.5;https://jumboargentinaio.vtexassets.com/arquivos/ids/763996-500-auto?v=638083786067030000&width=500&height=auto&aspect=true
Jumbo;Bolitas Dulces Nikitos 80 Gr;Bolitas;449.25;https://jumboargentinaio.vtexassets.com/arquivos/ids/535778-500-auto?v=636953450291800000&width=500&height=auto&aspect=true
Jumbo;Semilla Girasol Pelada;Semilla;3749.25;https://jumboargentinaio.vtexassets.com/arquivos/ids/789489-500-auto?v=638265009633400000&width=500&height=auto&aspect=true
Jumbo;Nature Sweet Mix Pote 150 Gr;Nature;1874.25;https://jumboargentinaio.vtexassets.com/arquivos/ids/552348-500-auto?v=637075279348030000&width=500&height=auto&aspect=true
Jumbo;Mix Saludable X 100gr;Mix;1267.5;https://jumboargentinaio.vtexassets.com/arquivos/ids/787057-500-auto?v=638240818125770000&width=500&height=auto&aspect=true
Jumbo;Maracuya;Maracuya;5999.0;https://jumboargentinaio.vtexassets.com/arquivos/ids/423795-500-auto?v=636482196372470000&width=500&height=auto&aspect=true
Jumbo;Mix Tropical;Mix;11999.25;https://jumboargentinaio.vtexassets.com/arquivos/ids/652592-500-auto?v=637601020412100000&width=500&height=auto&aspect=true
Jumbo;Mix Tropical Bolsa 500 Gramos;Mix;5989.49;https://jumboargentinaio.vtexassets.com/arquivos/ids/713192-500-auto?v=637949650038070000&width=500&height=auto&aspect=true
Jumbo;Maní Cervecero 150 Gr;Maní;1724.25;https://jumboargentinaio.vtexassets.com/arquivos/ids/805714-500-auto?v=638398282365230000&width=500&height=auto&aspect=true
Jumbo;Mix Nordico X 300g Kosfood;Mix;5242.5;https://jumboargentinaio.vtexassets.com/arquivos/ids/818310-500-auto?v=638482957303170000&width=500&height=auto&aspect=true
Jumbo;Mix Saladito 150 Gr;Mix;1874.25;https://jumboargentinaio.vtexassets.com/arquivos/ids/805706-500-auto?v=638398282337000000&width=500&height=auto&aspect=true
Jumbo;Maikitos De Queso Nikitos 400 Gr;Maikitos;1874.25;https://jumboargentinaio.vtexassets.com/arquivos/ids/539367-500-auto?v=636989737079430000&width=500&height=auto&aspect=true
Jumbo;Almendras Con Chocolate 150 Gr;Almendras;3749.25;https://jumboargentinaio.vtexassets.com/arquivos/ids/821227-500-auto?v=638506281908330000&width=500&height=auto&aspect=true
Jumbo;Mix Nórdico X 100gr;Mix;2467.5;https://jumboargentinaio.vtexassets.com/arquivos/ids/787059-500-auto?v=638240818130770000&width=500&height=auto&aspect=true
Jumbo;Mix Pimientas;Mix;22499.25;https://jumboargentinaio.vtexassets.com/arquivos/ids/652601-500-auto?v=637601020433700000&width=500&height=auto&aspect=true
Jumbo;Frutillas X 550g Green Life;Frutillas;6750.0;https://jumboargentinaio.vtexassets.com/arquivos/ids/657131-500-auto?v=637624881434530000&width=500&height=auto&aspect=true
Jumbo;Mix Patagonico 150 Grs;Mix;2242.5;https://jumboargentinaio.vtexassets.com/arquivos/ids/669083-500-auto?v=637686238521530000&width=500&height=auto&aspect=true
Jumbo;Tomate Glaceado X Kg.;Tomate;14249.25;https://jumboargentinaio.vtexassets.com/arquivos/ids/652618-500-auto?v=637601020507070000&width=500&height=auto&aspect=true
Jumbo;Mani Sin Sal X  500 Gr Sin Marca;Mani;3100.63;https://jumboargentinaio.vtexassets.com/arquivos/ids/822995-500-auto?v=638508247729630000&width=500&height=auto&aspect=true
Jumbo;Mix Terra X 300 Gr Sin Marca;Mix;4212.29;https://jumboargentinaio.vtexassets.com/arquivos/ids/822994-500-auto?v=638508247726300000&width=500&height=auto&aspect=true
Jumbo;Mix Deportivo X 200gr;Mix;1867.5;https://jumboargentinaio.vtexassets.com/arquivos/ids/787060-500-auto?v=638240818133100000&width=500&height=auto&aspect=true
Jumbo;Mix Europeo 150 Gr;Mix;2392.5;https://jumboargentinaio.vtexassets.com/arquivos/ids/668986-500-auto?v=637686237908070000&width=500&height=auto&aspect=true
Jumbo;Island Mix Pote 150 Gr;Island;1874.25;https://jumboargentinaio.vtexassets.com/arquivos/ids/552347-500-auto?v=637075279344270000&width=500&height=auto&aspect=true
Jumbo;Mix Desayuno X 300 Gr Sin Marca;Mix;4212.29;https://jumboargentinaio.vtexassets.com/arquivos/ids/822997-500-auto?v=638508247735670000&width=500&height=auto&aspect=true
Jumbo;Mix Cervezero Por 200 Gr;Mix;2999.25;https://jumboargentinaio.vtexassets.com/arquivos/ids/668988-500-auto?v=637686237913200000&width=500&height=auto&aspect=true
Jumbo;Mix Tropical X 150 Gr;Mix;2242.5;https://jumboargentinaio.vtexassets.com/arquivos/ids/668992-500-auto?v=637686237924330000&width=500&height=auto&aspect=true
Jumbo;Mix Fitness 40 Gr;Mix;667.5;https://jumboargentinaio.vtexassets.com/arquivos/ids/763919-500-auto?v=638083677823270000&width=500&height=auto&aspect=true
Jumbo;Mix De Frutas Secas Y Desecadas Por U;Mix;1267.5;https://jumboargentinaio.vtexassets.com/arquivos/ids/668987-500-auto?v=637686237910570000&width=500&height=auto&aspect=true
